Header1,Header2,Header3,Header4,Header5
Data1,Data2,Data3,Data4,Data5
Data1,Data2,Data3,Data4,Data5
Data6,Data7,Data8,Data9,Data10
Data1,Data2,Data3,Data4,Data5
Data11,Data12,Data13,Data14,Data15
Data6,Data7,Data8,Data9,Data10
Data1,Data2,Data3,Data4,Data5
Data6,Data7,Data8,Data9,Data10
Data1,Data2,Data3,Data4,Data5
Data11,Data12,Data13,Data14,Data15
Data6,Data7,Data8,Data9,Data10
Data1,Data2,Data3,Data4,Data5
Data6,Data7,Data8,Data9,Data10
Data1,Data2,Data3,Data4,Data5
Data11,Data12,Data13,Data14,Data15
Data6,Data7,Data8,Data9,Data10
Data1,Data2,Data3,Data4,Data5
Data6,Data7,Data8,Data9,Data10
Data1,Data2,Data3,Data4,Data5
Data11,Data12,Data13,Data14,Data15
Data6,Data7,Data8,Data9,Data10
Data1,Data2,Data3,Data4,Data5
Data6,Data7,Data8,Data9,Data10
Data1,Data2,Data3,Data4,Data5
Data11,Data12,Data13,Data14,Data15
Data6,Data7,Data8,Data9,Data10
Data1,Data2,Data3,Data4,Data5
Data6,Data7,Data8,Data9,Data10
Data1,Data2,Data3,Data4,Data5
Data11,Data12,Data13,Data14,Data15
Data6,Data7,Data8,Data9,Data10
Data1,Data2,Data3,Data4,Data5
Data6,Data7,Data8,Data9,Data10
Data1,Data2,Data3,Data4,Data5
Data11,Data12,Data13,Data14,Data15
Data6,Data7,Data8,Data9,Data10
Data1,Data2,Data3,Data4,Data5
Data6,Data7,Data8,Data9,Data10
Data1,Data2,Data3,Data4,Data5
Data11,Data12,Data13,Data14,Data15
Data6,Data7,Data8,Data9,Data10
Data1,Data2,Data3,Data4,Data5
Data6,Data7,Data8,Data9,Data10
Data1,Data2,Data3,Data4,Data5
Data11,Data12,Data13,Data14,Data15
Data6,Data7,Data8,Data9,Data10
Data1,Data2,Data3,Data4,Data5
Data6,Data7,Data8,Data9,Data10
Data1,Data2,Data3,Data4,Data5
Data11,Data12,Data13,Data14,Data15
Data6,Data7,Data8,Data9,Data10
Data1,Data2,Data3,Data4,Data5